year,outcome,specification,auc_in_sample,pseudo_r2,n,n_events,n_clusters,joint_lr_chi2,joint_p,auc_out_of_sample,auc_count_score_oos,brier_oos
2022-2024,y_nonrel,size alone,0.6949,0.0351,14282,590,6192,79.18,0.0,0.7529,0.7234,0.034031
2022-2024,y_nonrel,+ structure controls,0.7453,0.0852,14282,590,6192,79.18,0.0,0.7529,0.7234,0.034031
2022-2024,y_nonrel,+ signals (full),0.7661,0.1025,14282,590,6192,79.18,0.0,0.7529,0.7234,0.034031
2022-2024,y_any,size alone,0.8146,0.2112,14282,5606,6192,351.04,0.0,0.8523,0.7515,0.153091
2022-2024,y_any,+ structure controls,0.8418,0.2824,14282,5606,6192,351.04,0.0,0.8523,0.7515,0.153091
2022-2024,y_any,+ signals (full),0.848,0.3016,14282,5606,6192,351.04,0.0,0.8523,0.7515,0.153091
2022-2024,y_severe,size alone,0.7639,0.1403,10784,2523,4685,167.28,0.0,0.7756,0.6981,0.14642
2022-2024,y_severe,+ structure controls,0.7804,0.1648,10784,2523,4685,167.28,0.0,0.7756,0.6981,0.14642
2022-2024,y_severe,+ signals (full),0.7887,0.1804,10784,2523,4685,167.28,0.0,0.7756,0.6981,0.14642
